SOROS FUND MANAGEMENT LLC,PAULSON & CO.INC. ,TIGER GLOBAL MANAGEMENT LLC,BERKSHIRE HATHAWAY INC
-2.76206977329952,-1.6507916636755362,4.113645866676401,-1.6413808737611713
0.800968224600678,0.25754398236924425,-1.9292337548336023,0.5965580893042897
-2.968464695412922,-1.8768369635238271,-4.6018724989676185,-2.947282009368558
-1.073656334195279,-2.182252434767409,-1.6889065827365508,-0.873839711607776
-18.625495005528332,-2.263953907212205,-3.067379652525137,4.893671858946793
-1.3909123725248165,-1.9667497294065042,-1.2741769466288566,-0.8822596682075516
1.060018207699644,0.9894119734124085,2.960622338153889,-10.419760646523464
-1.302164111112616,-1.1390643687434785,-1.281864615375489,-1.7538100854908227
-4.163697416564597,-3.5080463986105315,-3.1510960228787814,-1.9892421088883423
-0.7288942811048945,-0.18267169872519984,-1.0864053033627934,-0.952281259799444
3.4832828419313717,1.5658551489124433,-14.907353026106406,19.432917229098543
-1.0810680815682503,-1.3399699363595692,-1.3060721021282424,-0.6991240600160216
-13.40537151296249,-1.3849999099358055,-3.526680755649366,2.006706012406668
-1.0069110266954924,-1.5221796971156714,-1.0147146193360654,-0.9168012447369788
37.51440390199978,8.363245771732768,29.536546027451593,-2.7137485331221183
1.3949202429608456,0.6677034272154991,2.3639826870946807,13.380437480176631
-0.6592247725838215,-0.9260554710048055,-0.9073954234128967,-0.916825824921857
-0.964244909907012,-4.521404961838027,-3.1164910459091684,-4.941577512828053
-109.15475000030598,0.0631248052979041,2.9353685682396353,0.0946850052428363
-1.6711218945572184,-2.3610802396054646,-1.4604946012800482,-0.64458734886445
-1.1687047008325104,-1.0519052340686141,-0.4955804868786149,-3.0803397244996127
1.788477106641861,26.414752302993694,-2.527890576043879,-1.5087265696478052
1.0956558061201704,-0.12466192228860196,0.5143809967528772,1.502238009742142
-1.231502119298384,-1.045568455668525,-1.444771821641302,-0.6174657154872936
-5.977801718029989,-74.78333912549671,-2.6758859603263465,5.562132159254351
-0.34756448245134297,-0.7445914623331997,-1.1311173656556903,-1.1542056437769432
-1.022351553898723,-0.6193062309644752,-6.271259815739399,-1.872270470586165
37.22088546328696,-3.248669755371881,-2.7066066626344587,-2.8501175211013896
-1.9840943719452895,-1.7307278264343973,-1.5260569231878736,-3.4451815206475698
0.4017345913444481,-0.1329623899406308,0.7525658576063168,-0.35180482139809455
-1.4438486808495674,-2.843946283079064,-0.864109706364644,-0.9789660388335873
3.468154238299512,-0.3189723545811821,-21.813449936196452,-128.30786018379192
-0.9461835993771447,-1.5628195890412808,-1.5888820251401472,-1.0597973964541239
-9.40415020148669,2.737240822552345,-0.21972849168207698,9.004736458096154
-0.7716305277498293,-1.1786953840261136,0.7609516352441665,-0.5172521562008714
0.0948452177379957,-4.592995070109028,-0.9142769332466256,0.8740281767455904
2.0173445124296085,-0.8430187903124242,1.1049455116485283,-0.9632475107734821
-1.8141541538195955,-25.263057217580524,-3.4587626275145533,-11.264811870070103
-0.826219524166618,-1.1666001758529432,-1.7165480544791563,0.6384898833625241
8.296185395647468,-0.23472427747549063,-1.2783535440107223,0.340247115145762
1.167532263900716,-3.9649125709166397,12.60294940667478,0.3615314721647549
-1.6595536502821149,-1.5961283360936709,-1.6310952330779318,-2.211695474775973
-0.4822240031844903,-0.7567238427757815,-0.6305924315804892,-0.6132583563182471
-4.909325087362792,-6.608600760324266,-3.7418179431883694,-4.864010652637545
-1.0361965415991417,-0.023181661748936322,-0.1699613747702705,-0.5908582857213893
17.14794101840533,-2.2851535707474033,-1.3815701695071994,-2.3513139870983712
-0.14005189442148458,0.4665194066941718,3.1276363627520576,-0.27573365563207153
-1.405757431601808,-1.0723167811191054,-1.7229627882495933,-1.1353293937338997
-1.30414424382506,0.6848539393477089,-0.42725826832273606,9.149393824612266
-1.0,-1.0,-1.0,-1.0
inf,inf,inf,inf
-0.6977035989761671,11.437030986376108,0.0012270856105061068,-0.5430153286094067
-2.0714430928095777,-1.1373905306359164,-0.1094471043116374,-1.358847169654663
0.7050167573808404,-3.145532504906188,-0.7890515838059284,-2.4087293672684895
-2.1875809371714645,1.495006876320475,1.0932806603199854,2.9543322101639515
-0.7564699539550317,-0.908098990357816,-0.19952407497314617,0.14592716437484787
-17.092602970335445,2.3131573928669886,-10.758902987829234,-1.638296182592533
-1.6349787774115614,2.495786270911344,-1.8136335714130096,-2.042566763522381
-1.2887922140571297,-0.8169989859300198,-1.2557535523659302,-3.5416590443384095
-0.04104444086699588,-0.9051514639568874,2.334686988139191,-0.3829236558883099
-2.357545414859137,-2.9239251297053146,-1.1682381527645123,-1.5303478464061167
0.5393967816542435,-5.249871873108862,-2.507040134008734,-0.7539293260426467
0.013815078482374732,-1.1665141128991139,-1.803657022947853,0.4174410387381633
-2.787331759779601,49.71469738248291,-10.422418213183956,-10.709510485321253
-1.3831166572383906,-1.301843880190697,-0.8986966265238225,-2.0513288798672646
-5.519875762387154,-3.8279949927921044,6.65238069153468,-1.6099360791430364
-1.030678312330414,-1.072485589061478,-1.0731171540610664,-0.7480487303131799
29.82476058990169,18.578555704359463,15.622423009782242,-8.897254253368956
-1.0308270238806825,-0.6526411676543628,-0.5396711673765,-0.9610027650930764
6.1920726698355555,-2.427043776589302,-2.3362853429701342,7.662341386584417
0.6133113913080954,-0.3628041596155185,-0.12277016806187169,-2.8555249545658272
-1.3203362789924051,-0.9170726122320072,-1.5434178980787463,-1.1381320319460662
-2.57412472691348,17.133986028901763,-0.6822692111847146,-0.2014186197293526
-3.2559752046311328,-3.059570144077405,8.977880110004396,2.7760418677879777
-1.4650478655405514,-1.1893384653476506,-1.1845006003893883,-3.867482378254475
-4.503358202846379,-3.6354122919497582,-3.3334795622637303,-1.2037071044377332
-0.8616890606529989,-0.4993073767157581,-1.1062351061805857,0.5961984052464075
-7.5318076577114175,-4.853318734842153,23.738194852512496,-2.866701207082115
-1.2984629502408742,-1.3447791968708733,-0.8260423149219069,0.44056775303691986
-7.236562727959008,-4.126311036321754,-3.4213502552290525,-0.3812691445945835
0.8049404739313792,0.3710116996871069,-5.863188442194278,2.9186430879918395
-1.317494137539439,-1.2267084972759847,-1.2100386295139132,-1.5913776653857274
-1.2247031618961561,0.35544274766741313,0.4282103261800674,-1.110291977832607
-1.4489775233981046,-1.0660104730368918,-1.3063708961513232,6.453434260420046
-1.0,-1.0,-1.0,-1.0
-inf,-inf,-inf,-inf
-1.101752371581826,-2.8124753816952826,-5.2971782051172935,0.31633216164468925
-29.81598041076656,-2.932094242325918,-4.178583076951454,0.5375293923989766
-1.4341283167819254,-1.507766461854032,-1.029811191629804,-2.50548939849637
0.2003455494293196,-0.07667558368768146,29.86148241672606,-0.6029886553973067
-0.1140646733142443,-0.6797194421021473,-0.36360497449047646,0.4509591832203972
-0.38685778068653276,2.8870171092034003,-0.6663902476959449,-0.8176983835356991
-2.6962542312697746,-1.9615188698347272,-1.8116652166040046,-6.477292117502681
-1.3246674974178936,-0.4948094562482791,-2.678362255747916,-2.4596299786896276
-1.6194775174416884,0.6889120202857595,-0.7182921828930513,-0.43024652187829837
3.943498143607542,-0.08630428274938318,0.2130161512727109,-1.5525781514567116
-1.10568887246616,-1.2181870932156726,-5.496268318731942,-0.640762366936896
-3.363771056632726,-2.830577989891833,-1.2102937982893434,-2.028801003977855
-2.348227704362361,0.25370923036780324,-2.643889335364781,-7.341185283581691
-5.0329438192921065,2.399957199645227,0.6126999673774562,-0.10630555637783934
-0.19852080656766458,1.2085386705949634,1.405211531987109,0.9222713168723036
-1.960985235449231,-1.1714955716598854,-1.8667215238677195,-1.4340916852728687
-0.10869816825441059,0.5661523627796339,0.1268245563172694,-0.5581028489422009
-0.9696311954111928,-0.3744616318967424,-0.600854488262768,-1.5659957232194663
-13.411890150513903,-1.4910045156076912,-1.5804988798339836,-0.9057478038522097
0.593775001001493,0.9096902604166361,-1.7411928160918506,-0.8122868677499274
-1.2916054813831224,4.151275357551956,-0.49669595517351417,91.86442123212802
2.1430454570851696,-0.6319976460080202,1.630213927799629,-2.3049029504685103
-0.894289066832084,0.016395642805791866,-4.242109518882735,-1.6483275516133693
-12.251195612463125,-1.5370757360575489,-0.7575348600225628,1.7301049104063924
-3.8351272303569965,4.266725111286606,-7.322442920017846,-1.6792640920478603
-1.0,-1.0,-1.0,-1.0
inf,-inf,inf,inf
10.083968566100722,-12.36630187513487,-0.20497139574674883,-1.4264931484418062
-2.4283108761857117,-1.037033680923093,-1.50012225632928,1.441209918837293
0.24548309618116515,33.09779640696221,0.6272912407333799,-0.47945412892600425
1.4302666574262823,1.449738986828978,5.903522466437888,6.0983639625287935
-0.12395749732711481,-0.3159632430784054,0.41532998998045856,-0.5936958295708332
0.7461290428988103,0.5315816954572938,0.07335323230492619,1.0323754560602714
-0.7699396068269501,-0.675132263149412,-0.7899839924334326,-1.5840068706794774
-4.286137887883119,-4.334682680740259,-5.703223164912625,0.38251754898572576
0.085157014092625,-0.28299516338199304,-0.4003781213164844,0.2725238272500152
-0.8298327494537937,-1.037043513273836,-1.0946673302794327,-1.1785743320158248
-1.956970522407078,5.966169554873806,2.0213326258573354,1.7531114631769658
3.8280759198893657,3.077844372381991,3.6204839632863646,0.9123647326942181
-1.6545042664057301,-1.3964478545519612,-1.4923057931088382,-1.2061339060280392
-0.7682729854763708,-1.2891819011054646,-0.5449005758363363,-2.1686544447941345
-4.387788953812529,-0.023266486407366727,-3.2422886518252096,2.289518809640018
-1.0,-1.0,-1.0,-1.0
inf,inf,inf,inf
-1.4472276049864365,-2.210539315530437,-1.5627003165585185,-0.2888500844441152
-1.249556720956452,-0.9543370655506388,-1.1678854960011884,-1.560738483114156
-0.13082753155759552,-5.441629026336654,1.0622518726097434,-1.6164070846861016
-3.2310786556859177,-0.6951583567637472,-2.052274420167981,-2.977906901577546
-2.7584250860177235,10.616408502100974,-3.464495289096146,-3.948529356510517
0.8157929229842067,-0.6001713589717552,-0.42609536729924946,0.6099634375331697
-0.5989042346215843,-0.13874614226512216,-0.9504799322685666,-0.7768873887960448
-3.8297068992394,-4.0204371797411165,-53.49756780307599,-3.263571681333078
-0.5605551519013474,0.030206056407372506,-1.551298589218859,-0.6386943654931372
1.7685755040379858,-0.47109175445551754,-2.6217883970414837,1.299309859899942
-0.5150379320477374,0.13927998587385493,-1.1226818626964468,0.03137877256575994
-0.11201112023199844,-0.937802257629036,-7.669805071967612,-2.239653441648213
0.40709459455940644,34.83865154826665,-0.6442698252721476,-0.9223756008810519
2.5067208347476377,1.6935509559234259,7.286411378178803,-22.029789125204807
-0.8663690059821009,-0.7246222147512071,-1.132485801167518,-0.8472091475533375
-5.340012662557811,-3.0200673478072577,2.390553645549163,-8.549947701201429
-0.7696863830818078,-0.48835117128769656,-0.8642736300971877,-0.7136213004071006
3.345286372036142,0.6921622123291777,4.643088467458166,2.485748520120134
-0.08083578136572978,-1.0013394792368986,0.7116504185763892,-0.6491172754656076
-0.9501635958116803,48.58746444891707,-1.3323162808363271,-2.3369732165171366
11.984263425313896,-1.6737540911578956,-2.7391982381989584,-1.3501518818762583
-0.42816592188677294,8.529825070151688,-0.6373464577589991,1.0784418378279348
-0.8065239429745827,-1.1795090303867921,-0.9019970097195148,-0.13181537346907024
-2.9410872712643457,1.1620096637062458,5.959249094991881,-0.641812961550429
2.9564841569204985,3.7212865924846774,-2.6772445477123097,-8.058045762656612
-1.0362534976207018,-1.394172122301996,0.2541980044027743,-0.30130281372755907
34.2597148484806,0.3814515815362416,-4.946615379793144,-1.1391289516895773
-0.6556896637155358,-0.33020850132817936,-0.6658297532347727,1.0503150717790466
-2.095660667787686,-1.4224627162759933,-0.9255086478885928,0.3627829774334881
-0.46080121118257544,4.0558683614314655,2.076697647870394,-2.2345515620404806
4.985020180918809,0.13885093194705012,-5.882830284841143,0.7836832368347497
-1.710439859153798,-0.18686858722478972,-1.913470414968887,-1.5015831271123994
0.21444881948047878,-3.223935331518933,0.28588107677662467,1.1659981826801928
-0.5432577282818565,-0.7867248218713514,-0.4676874577660173,-0.7656020950116285
-2.902647455030563,-0.038324567879572946,-1.958782930322218,-0.5806918224567862
-2.5507107344061786,0.7061065595974403,-2.580331442133127,5.871670463767875
-1.0798097130145885,-0.4240810471327169,-0.7999912987388066,-1.3148169606308273
-4.192715626475428,-1.408499086175223,-9.262753896511775,-2.7970267225293823
2.0240611299792777,-7.879794525378986,-1.2139262788596727,1.0358988566323948
-0.5311456818591962,-0.7808928388785505,2.081474091141868,0.07774356968111684
-1.2968880462759096,-1.310954982053062,-1.2718324515818658,-0.7547725468444418
2.5420584731725855,4.826979786560023,-2.062183089212966,-4.3103428236754695
-1.9004745437182866,-0.7764390032357482,-0.13639494549676057,-2.273722236524788
-2.370921676285373,10.70590820650939,-7.332879090798089,-2.3012634615785794
-1.0034676827503988,-1.5416309018406145,-1.2292812483941418,-0.68138886482357
-187.85399042048766,-2.209908180771198,-1.2901736615102857,-0.4213469688509033
-1.0,-1.0,-1.0,-1.0
inf,inf,inf,inf
-0.5120518767719485,-0.18060003212200337,-1.1169123196088147,-0.6327729399978512
3.3824909326812023,4.968985607900705,-11.756681901402446,0.19838137062086147
-1.2435975892191213,-1.4717102333260894,-0.5548195755102435,-0.8204694535004833
-2.6802194915727373,-2.3908335826711156,-0.5149149286037105,6.0750228025587525
-1.188352280085955,-1.559274820802465,-0.037222195887830045,-0.46576052840794624
-4.104325067404261,-2.6819007323936215,0.0715396026897075,-1.5252470743592914
-0.3523245133246349,-0.26372575415032573,-0.5178508307508888,-1.0012086215520783
-1.0,-1.0,-1.0,-1.0
-inf,inf,inf,inf
-5.329772158746826,-1469.8079843931898,-9.749943609711453,-1.8564475359169217
1.5386720406326786,-2.8518023010631364,-1.877246925291273,-3.947335217599924
-2.7489524964638656,-1.7045694320076668,-2.7848597851829595,0.05180763359298024
0.609424318711262,0.042829298121814574,0.16746751623080725,-2.4031920113567375
-1.6656574047776707,-1.9794191552268718,-1.6409557927849558,-2.458181121581247
-2.4036840661012437,-1.3808421314297679,-1.7944060044371355,-1.5111165423798383
-0.7017174360572082,0.2813802196241755,-0.91549080656044,-0.9286972479910973
0.13152936234995338,0.08475234756492056,10.61619919816684,16.659575092473002
-1.124844543431059,-1.7752554361811015,-1.0630012238493376,-0.9654401623755204
-33.85716395502164,-3.8029287803180227,-31.259308936430568,66.2533239777768
-0.7360601202184394,-0.9818169574766502,-1.675499749629438,-1.1389473447929273
-3.7193299181729973,-51.00369084236519,0.10792871683163963,0.9129205854686646
-0.04275950787912075,-0.29099468341970525,-0.009679437519625744,1.6871177991777855
-1.7538306312563985,-2.04170674613948,-2.0168976252830735,-1.2196044324892457
-0.5007680849101448,0.013848575626806303,0.18529964932236398,1.1597407396169053
-2.3217924326136554,-1.7911129363567566,-1.9707239709770716,-0.848016183456549
0.036269640640969936,-0.13618960558918392,0.09207735838948539,-1.8830997595088006
0.6228288373333624,1.0776694077723934,0.09205967991064057,5.850272328633182
-0.9408313061781877,-1.0594627861209929,-1.2904429380098401,-1.2374357108977974
-10.231287276952616,12.231596677039553,0.021588644999561923,3.243946341416085
-2.6972620769565316,-2.003126651163126,-3.6162716279659186,-2.18427690346343
-2.1673195450827816,-1.549075334333801,-1.7464226234290257,-2.172965106110621
-0.7328832545068718,-0.07391446678630054,0.018445664115348537,-0.5649487695528332
4.132642410553604,0.8649682910396108,-0.45167187953962873,5.642771235051131
-0.9700033578267274,-1.3713201889491073,-2.129713790242427,-0.9314651876713395
28.05065984950329,-4.102520363373877,-1.4926897113499014,-6.999223894790362
0.7732903601457262,0.03044605198755357,5.36676244571986,-2.91152317439136
-0.6023989773069187,0.1590658544103316,-0.5277071766041206,-0.48195685349624895
-0.3531005333462378,-0.8218435989204781,-2.1616844561504154,-0.7767087507960031
-1.5454333533649096,-1.4747489148795747,-0.08668876107519463,-5.683191505275602
-8.74818828305914,-22.01022053398801,-3.8402693125033953,-3.7523456067215437
-1.580199283684766,-1.8713479402349182,-1.128568747178512,-1.2991635482330137
-2.4562178706524445,-1.7298112007377273,-6.374869247832908,-2.8491514313655153
-1.0,-1.0,-1.0,-1.0
-inf,-inf,inf,inf
-0.159008340122073,-1.0989535236036136,-0.08551959998281167,-2.469953776584078
-2.0641075234735164,3.197896068388844,1.4797915095535639,-0.3415813852833094
1.265892652521306,3.26504165314212,-0.009684365275544615,-2.804203279230113
-1.8961532469566522,-1.6303505780404546,-1.420932828292261,-2.3330587944430903
-1.971628737285819,-2.1906077337438568,-3.6319443363893487,-0.8895394902261543
-1.6171222868640567,-2.241903892918219,-1.119685653978249,19.554211222813844
-0.9035425384047979,0.02197847504562911,-1.4590884177043377,-1.1578345646612846
-23.056240415750388,-2.2409251781144026,20.493306406765388,1.2064882826023706
-0.9468160935520192,-0.7209326500968745,-1.359975502889147,-0.8865108346906619
-17.191896492763362,-3.8071957843846835,0.6842572121023507,-18.422822585355927
-1.2159287954315052,-1.1905446823985726,-0.38821203796223114,-0.7567503195623777
1.0733824892119044,-0.8060415520079266,-0.3147618745419647,-2.8409902992147353
-3.271437688669666,-16.573053690663173,1.6840986829977274,-5.887877006616366
0.45110200625269603,2.3584594521641162,0.27288943970711976,-0.7038306601597746
-0.7839333380980965,-1.0617268637721682,-1.118640983171661,-0.9876962246779957
-1.4053592964676629,2.0160240909009044,1.7664881385198736,-66.36207344534014
-1.0,-1.0,-1.0,-1.0
inf,inf,inf,inf
-0.1167792446223378,0.22807511557284177,1.9571650495131139,-0.37036391243700173
-1.1728349442081893,-1.693040378579581,-1.3441682504541408,-1.6573391769896464
-1.3954126141376473,-0.672443321017764,-0.9725758594746156,-1.1285111386412132
12.041799054009713,-4.039723508865434,-13.529012044659348,6.8950900744241865
-1.5820831799067054,-1.0680704900587346,-3.8407987517087383,-2.131887964424476
-1.6244094870115402,-2.0722921546377364,-1.3033009558399997,-1.5277349109865863
0.39604961125586957,16.96222125446418,7.998160341100297,-1.9888391136419545
-0.5995918660616664,-0.8546711936093809,0.17973415487412847,-1.7239591507558778
-3.118060161990578,-8.347305054991248,-1.285916897528393,-1.2276659476779217
-3.2936117144410755,-1.60950919136135,-2.672421196232935,-16.255017292383656
-0.7008808023446897,-0.7752302645744598,-1.0267594946874627,-0.9975885141330684
-0.756653205157553,-2.361818662822813,-7.2763162562177675,-69.85505678477176
2.3995206274302134,0.3046420560695504,-1.316096193774826,-5.446865419385094
0.3531884560690026,-3.2181112776643777,8.746101411703865,-1.6039747703885463
-4.0928907649155875,-2.2769485576052086,-0.03576935034757889,-0.6765571651723149
-1.3309192901584008,-1.8835529445245278,-1.7388603908307487,-2.837030364696447
-1.6721839301944348,-1.0319952931026082,-1.956940730418674,-1.5709833308642533
-5.8883042145671975,-50.10280834233809,-3.436394256998192,-7.095977625371276
-1.3050350244974036,-1.2209514004851916,-0.5283551119081731,-1.0369760685645775
1.374971210303726,5.773377249323572,-0.8539350806351343,9.917567200461741
-1.4478646411061729,-0.6797990079261795,13.152021906249736,-2.3077175495903917
-0.7095378146816339,0.19335868402542156,-0.6946446770811521,-1.259873361448968
0.185284365105294,-1.0748303490355786,-2.3041394352500797,-3.1952968145481946
-0.3552547905714103,10.418831286513878,0.6867993738768379,-0.49611606770510497
-4.300781771769193,-0.20953720880502458,-0.7299226101950863,-1.7506716855226379
1.2074957196863036,-1.9872841550706202,-1.59266533156497,2.317627536438503
-0.9713015822135089,-1.0375884735721388,-4.937447074630651,-0.575899549025027
9.687758505205624,-22.482985610022862,-3.5922519977138356,-0.9181922241670043
-3.932277615539919,-3.363435584606842,0.1118650954941065,-52.799792477989406
-0.6860655970512075,-1.1500533942206532,-0.7996319179073069,-0.5576063379897738
-1.3279157935054506,1.1029926011696936,-1.9425965824189348,-1.2043858726982846
-4.540973678485685,-3.000886141192928,-3.265593562153669,-8.79080775358617
-2.091268972627279,-0.5774951787151981,-1.6357311340883058,-1.4039151105094052
1.704824586414471,-8.645404907847627,1.9770687697137488,-0.18723646061406174
-1.9122345855184752,-1.7950708154442894,-1.563635274432006,-2.5064854243618875
-2.066024267373631,-1.2355167584659976,-2.9609407532768683,-2.0804728335877516
-1.4149863018490594,0.2509446781443603,-1.8295529213378414,-1.3117686482128839
-2.494532247954301,0.8219799775836287,-1.5662363775725443,0.6751292089069256
-2.031251814592392,-0.630695595163113,-2.2492588132358584,5.414687449805389
1.0437191386071696,-2.5649878524768033,-1.637121103235386,0.1553971070194391
-0.9506489849589583,-1.3938244419854882,-0.5149434740013822,-0.9794615393667702
-4.907741238572232,-0.5257497544833873,-4.412540234468299,11.662895317254929
-3.9817462208267362,-6.522734461326732,-0.3559529142241834,-2.206599157465763
-0.445304878033156,0.5790444757568989,-0.5849166177240792,3.2264002315956137
-0.34602778953641244,-0.8945774205398305,-2.4536316078490525,-1.1730081353746193
-1.2127392160141994,5.279935314639299,3.4873641105566024,-2.3466923601506515
-10.463363614710966,-0.8521663078042064,-1.9209910621718027,-0.823279102451921
-3.061026559330572,-20.107983462238607,-0.55804985184673,8.437153618474117
-1.2457904399526385,-0.7780978963802454,-0.7319800458545817,0.1669200345750026
-0.3519244840407513,-1.1736270535553848,2.3443972176431735,-1.1757276833510633
-4.018944455297673,-16.218430044153067,-2.745538569442698,-0.9030658231490745
0.770896375657268,-0.31405940822770173,-0.2649156257782813,-4.69134068227765
-1.4666261393026712,-1.2310363474611135,-3.398760998559351,-3.642055716210217
-3.099773442508433,-0.10331631271833264,-1.741100081130605,-8.165525157298795
-0.20321307474714223,-7.443334937570277,-1.8863115330136333,-0.5449420963274543
-1.2114500216462605,-0.423429860966691,1.7990373315199064,-1.0335712148118303
-6.025922030950631,3.508729362241036,-0.6551793251707253,-6.683951229626779
-0.9679767668453266,-1.6831049380650045,-0.726253431370142,8.469703677280968
-42.52127947946095,-0.3775479555946991,6.654230291723478,-1.9231667455544457
-1.7983340671931045,-2.0761281988460776,-1.5376562677600223,-2.323479658450315
-0.2034800841452773,-0.1508296967753101,-1.8018871220250343,-0.020548244348885136
-1.0,-1.0,-1.0,-1.0
inf,inf,inf,inf
-2.1878071662527656,-0.09974485168876546,-4.902668802385435,-0.9881379883536657
-1.2694362858841712,-0.37038409512083226,-0.7925622956011735,121.69894157885808
-7.149500144577789,-3.056411275219209,-3.1510859993140987,-1.5831710186263281
-1.869962037459218,-2.3565380969712533,-1.2265411270800262,-3.1825200277601606
-0.5670752597458368,-1.4630889206838338,-1.5598770403299453,-0.8458670613291084
2.894070685419403,-3.2370101689035966,8.092817995650938,7.453765953293972
-0.743672232724562,-0.865435890018637,-0.5858509516421313,-0.9673548484692155
-0.1051580375185519,2.012001085971165,-1.6087259170848873,6.304706324163883
0.7847087096411531,0.0903103796586111,-1.9383171367450862,0.983580567075538
-0.33320042617320667,-0.4441309298069661,-3.0281035804305354,-1.0422664415058134
0.2565008930171746,2.8896520315052587,-1.9097816721413412,11.636822390607007
1.7523680408265392,-0.1459692779970707,0.1243284817185768,-1.2558982548193884
-0.983620110608316,-1.251487082334385,-0.6898135291488009,-10.870490779097137
21.463852453726282,-4.21133551640221,-1.3089427501845012,-1.6475443261280143
-0.12571256428965982,-0.8933413472948671,1.0059043090531778,-2.5123190993691145
-0.8698670478048003,-1.3258053190719923,-3.583341771388727,-0.04544207642818021
-5.832268412808026,19.249548537404138,-0.23367026813504677,-0.9066801219330732
3.567563406017947,1.7583408011195236,-2.73991555298051,14.806018843489476
-0.28940428893409287,-1.0451596196082389,0.025652361331457874,-0.8754640013551731
-0.33313681768920156,2.4995129830205367,-0.8619487753011644,-0.3323644795297691
-1.6851369652744679,-3.725539373472347,-0.08055930836955205,1.921274751405007
-0.9786812890172116,-0.594232417579243,-6.839552457174971,-2.1105989311845166
-52.36132864752247,0.10245674575977803,-2.0760023357635733,-2.3240273199410275
-2.54967085495021,-1.7818879458539794,-2.8539734873217713,-2.5969761264251137
-1.0462762082457746,-3.733228483160714,-0.771674411096025,-1.6356035469306365
8.179889211767664,-0.8135728354462557,-3.3851465549534976,-0.13621826091655842
-5.155988090701949,-11.911026857455365,-4.2788337665859375,-3.2349598472158263
-4.112996550435685,-3.114405694706027,-3.2642495842205252,-3.1792646541645904
-0.34376822555641495,-0.2610786767742126,-0.7669534533262924,-0.22341270609295438
-1.6785667712367704,-2.110844431547882,-2.7621208849752854,-1.69867774950245
-0.1627302935504633,-0.44283263135046436,0.24746693157186028,0.33208985765397436
-0.3056361625872138,-0.7536116248567301,0.2350815186770241,-0.5960017543308144
-0.8339065980780817,0.5231870682953785,-1.0412689314904982,1.347855702218248
-1.0,-1.0,-1.0,-1.0
-inf,-inf,inf,-inf
-1.0561133680100194,-2.234093291201213,10.061080144503103,1.9767584625053067
4.14975258092724,-0.862418809488841,-1.216380237121379,-1.3772948774446014
5.008661075574071,9.670388410909606,-5.7424511818132515,1.381444456992488
-0.7105301199341402,-0.9287460395764313,-0.753840199160196,-0.7381941007457848
1.0355740269977942,8.33898073335826,-7.33753813750433,3.0745871429255516
-1.2627591878153828,-0.1968919033560682,-1.814562231106549,-1.3272678866858652
-3.5424303810032756,-0.5256567843796085,-1.2934020532046868,-2.7689118577082743
-0.7412513974461712,-1.4087587462550077,-2.0897723104417327,-1.5171033241959906
-0.08941304244405779,-2.636773614011364,-0.008061206078474492,-3.3363614163744026
-3.858480054766077,-3.6909746324907156,-1.4077143986280993,-4.993594148581027
-2.4960952772437794,-4.4163307037325605,2.461007839172152,-1.392338762177732
-0.8833101159452,-1.1163111220199415,0.06497222936000036,-1.8973834695013583
4.255136781129253,-1.4338168297762368,-2.1792546946263647,-1.160570315153087
-1.115006860202476,-0.947437941718927,-0.8748533011358628,1.110961523877962
-5.316584598488634,-22.79093977965637,-14.923176876386405,3.2020637643039196
-1.6984510265464858,-11.757666377429995,0.2633734568801591,-1.0027730425740466
0.19249927132469713,-1.3323984230348866,-1.262389103795266,11.054458459783739
-1.0625362581512519,0.12791098330445916,0.09124732452885054,9.742945985615178
-2.957900456185598,-1.637488526140157,-2.3978251696659374,-3.329717050489152
53.52226987440591,-0.28542474986222366,0.5912549946965937,-1.2992628968184494
-1.560110869994741,6.613112425688229,-0.9581306314608329,-1.6205324696737102
-0.2814773518632201,-0.8488590597367102,-16.535678962178256,-0.662451217051431
1.1329329792628222,-0.7489320221948348,4.192751011510051,19.604843474335
-1.1608216179033284,-11.140501283490856,-1.0232655995825395,-1.0468359970615841
4.1209539819612395,-3.182106078873502,-12.432904515900317,-3.5499559380317085
-1.0,-1.0,-1.0,-1.0
inf,inf,-inf,inf
-1.347217310553396,-1.865247018887012,-0.4014480928315778,-1.6020806488304675
0.5219463569788731,-1.1030992065453773,-2.936076121907705,-1.4944640979800188
-1.4228560088087892,5.562027864746302,0.032456542119597476,-1.4603094327701607
-0.5207635816339539,-1.543158058805292,-1.254510378344095,-1.7246805925266295
0.6100354780050932,-0.5696810580901974,-1.835240573895178,-2.229115760455362
0.792753167646103,4.406856109147335,-5.537200608087376,-2.5138636684435287
-3.5577393327821727,5.31582501459708,-0.7989637870207074,-4.187401308319382
-0.9537616978353108,-0.6218726078519846,0.1653470085960409,-0.8319278622728743
-8.648807393804816,-1.218180439513778,7.539291186232422,-3.0355582660856397
-0.0933653294200042,-2.902838504378006,-1.7351034606418172,-0.992840824421738
-0.6906226231648267,-0.6126800785095871,-1.8258215688060135,198.0058466655264
-1.4017524500979257,2.5098329051070714,-4.172322083091605,-1.5013380310580986
-75.86685816162243,-1.4417561690747303,-1.0070257616286216,-11.25618270425313
-0.8180714093237125,-4.571079910809365,-34.352532036215734,-0.8943291276876159
-1.0,-1.0,-1.0,-1.0
inf,inf,inf,inf
0.004557798204992913,-0.9934999906997164,-0.32043474440077824,-0.7498640416968558
-2.254124529093084,42.21185231176315,-6.041264705977114,-2.851334176793202
1.690356018649784,-7.040704043125154,4.507050763575421,1.7953650123950462
-1.516233447279796,-2.1394736580508704,-1.8132296004167543,-1.5653341021867162
-2.177699758721451,-1.3934289939885645,-1.222673394635767,-1.6329393641631238
-0.8544960317459217,-1.6286519276405507,0.009611805975184629,-0.6175567870186124
-4.702458101232759,0.29765332379429066,-3.5471351557678172,-2.163102332637958
-1.9158888229061253,-1.1507674489415927,-1.1532165262945189,-0.6428642934282429
-1.4945247766155856,4.98515856179421,6.129269446324688,-2.3821066354974763
-1.6992264784968851,0.4022046122527403,-1.1368744438511036,-0.9941800486685903
-8.342768774406643,-2.2659229211612244,3.235882887842555,-1849.682402479974
-0.2144703344709462,0.446577737990858,0.18818152667372878,-0.43315788298436964
-1.0419596402511033,-0.818807472423196,-1.2721796948524913,-0.5960779278691453
8.031124216207461,-7.580534815751067,0.5171893512302124,-3.021036795350053
-2.3238405736923102,-0.7499293280155428,-2.4556463941537396,-1.5101485370786336
-0.6963331602097845,-0.05077870407569063,-0.4460709676558603,-0.9646477904107236
-6.145959761564305,5.285767118509078,-4.005430974025133,-85.89398649110846
-1.351309853103141,-0.9561477586145686,-1.9274421735194855,-1.0608378283070259
-2.058355752062992,-3.90930467299132,-1.4742423161477949,-4.0068891563634805
-0.380358196537781,-2.0257934265101407,0.9698987540010153,-7.167326083116708
-3.046714874952527,-1.8781864807661441,-0.5349306616750897,-0.523574457593593
-1.8650520739454355,-3.5161253318725656,-1.2029216799377005,-1.520459716163339
-0.18879336268167968,-0.3340093893606597,-3.313940721796028,0.9815998228192189
-1.7194149078236132,-4.811945024405201,-5.806759991681362,-2.0608376610712957
-10.103753945545506,-1.7180441687008379,-2.3911290999850205,-4.15064426964755
-0.7936246037442202,0.05984653651664873,-0.9760307185975555,-0.8988083075634504
0.2951356384224222,-1.319775139578242,4.812475870970279,2.694571961564116
-1.340884576902619,-4.414444655254096,-7.647800620742034,-1.673711013353027
-4.10640787271685,-0.5010858743446069,-0.8972843518765982,-1.4215739934950191
-1.879599257063484,-2.733758172122217,0.5161360469831628,-3.068617901778904
-0.6098946167412725,-0.8833959759957766,-3.5603382400411743,-0.4064453811721326
-3.7177495904204587,3.7729330553581066,-0.4774586709043608,-1.3535700022720794
-1.0389410434459931,-1.9414846975056363,-0.22182997197739396,-1.8574752804132615
15.41565198776538,-0.9227100562581465,-4.686241180514649,0.6997596261419257
-2.759679004158665,-12.13251953107351,-1.7506866766974545,-5.44242122608998
-0.10415676092943926,-2.446863619211948,-0.29865555816313805,0.7171002947514802
0.8769437013969172,-0.5961789441445225,0.00864079272248297,-0.09905683293504775
-1.000137380016096,3.4325546301024,-1.6622258120566689,-1.71714042355942
1634.6889817616595,-0.4049687059368041,2.657765350266392,-0.4072997631172999
-4.811054212188983,-1.4956678012270803,-1.7040854237353806,-3.526475327981334
-0.4439858874351241,-4.427321679764836,-0.532299840188682,1.1897215379995556
1.463819980105726,1.6938501139378848,3.837424280623053,-0.5107541907015274
-1.9775789568191424,-1.405297038710164,0.1897319942915361,-1.4142749492133513
1.1538362982023536,0.18131189376991075,-2.0895630811436043,2.8438668215784557
-0.9659875432420677,-1.3557582770134893,0.011565340000302848,-0.6958843919572908
-1.0,-1.0,-1.0,-1.0
-inf,inf,-inf,-inf
-2.602771929208969,-5.416645817086529,-2.152284099000961,-2.4971223834668796
-1.078391792422118,0.3934971628033832,-0.024851888748290918,-0.718496962989513
-9.186402122931986,-0.9208015024962698,-0.333749741883,0.6909771163042981
-0.3624266855710795,9.032335485846833,-1.4346515946508573,-1.4711816160588058
-0.31045710998421205,-1.587193714993855,-4.665975141360384,-1.3552140732523679
0.2760280509756692,-2.324620806965629,-0.48974815215441303,0.41771011771978284
-0.881785377371302,-1.933869216108011,-3.367166693091926,-1.511096124052525
-1.0,-1.0,-1.0,-1.0
inf,-inf,inf,inf
-5.150815593979412,0.286356491652374,-0.8900873450217492,-5.141349672855465
-1.125599584387303,11.142764966168091,12.85477115897733,-3.89811449961008
-0.9526702004500353,-1.3412329926714142,-2.9460567504997037,-1.5096595559215538
-318.16622061653857,-4.206772320559978,-0.35480010158720277,0.9332959405994314
-0.9045687411773294,-1.2466838213904854,-1.2863288190679685,-0.612904872114626
-8.339364843840912,0.6320489881946179,-2.581538682449738,-2.6387695200340175
-0.2912942464364703,-1.9111139282093452,-0.5987580173329925,-0.853066851801413
0.6412344313006395,1.1889521387447188,-17.75846163825923,12.14048777848899
-0.9901463334824896,-2.316322351969446,-1.1254805320830286,-1.0352994455499833
-24.85140269961386,-0.5716591328377283,-4.773945950215616,-2.5704840124694877
1.6260952783647133,-0.6541737946155182,-0.8725683132223658,-10.09164331384905
-1.7984710016270538,5.605395994092364,2.7956450173705596,-1.833580155823333
-1.8848870788340055,-1.9316033255663934,-2.080621365049347,-0.8052802028927455
-1.2282471414303227,-0.8478045050778951,-2.2667340241800806,-6.402768126953747
-1.8690327715410997,-3.2099889250777522,-0.03263528895382117,-0.5131345439349502
-0.025888358013586243,-1.3387260570917139,-0.8145022448725052,-0.21305527079542008
-4.016297449319033,0.27038825886573736,-3.2990123611168096,-2.307606900688101
-2.2889292486532433,-1.318536935815126,-2.2577189770618924,-0.7639059136209326
1.0500999309703567,-5.764772060874922,-0.0732914531514619,-8.222184938792404
-1.3255543900264748,-5.514305858290716,-0.44641956446563336,-0.9227776615354183
1.3609753009651961,-1.1392576473140423,-0.8596261811272452,-12.954415023652032
-2.3277376759468744,3.5026627827313987,-13.066813311315114,-1.8564573732782355
-1.3049709599420458,-1.672345992559491,-2.0992979326612673,-0.9158954380025279
-1.5460624987845577,0.5463711009309034,-2.2447823409634173,9.706862422373097
-4.292308475390895,1.8745577865959624,-1.6362134761541371,-2.2928152519220077
1.6927699891763792,-0.5405418684853738,-1.2548753239581019,0.4838604725817295
-0.7340914936672396,-0.4156800496942349,3.2152962898920867,0.3186002956775591
0.15632450226107553,-4.226055361818927,-0.7155956537006731,-0.6478621851139537
-1.1285645813570697,-1.1514972589106707,2.7437159130884816,-1.4661599057050934
2.2546476972444176,-0.8039330104978505,-0.8418948331520532,-5.007685716717651
-3.8777061344069037,-43.23528246829022,-13.041587102867311,-0.9012487554658732
-1.8429806440565366,-0.9072356776917905,-0.3465452982183822,-6.57747714578723
-2.514965226621248,0.04237797664218257,-1.5151919333298303,-2.0687062272493475
-1.0,-1.0,-1.0,-1.0
inf,-inf,inf,inf
-3.3989865813078226,-0.41060614250973193,-0.5113549712616887,-1.0795333376180296
-1.4106955260409058,0.09398168098179216,-2.3062103153657674,-8.472820552940416
4.431179250109486,1.3925364278610837,-3.1208219192836566,-0.848135384565333
-0.8156003245503077,0.18381053505804346,-1.19794033821899,13.038994074668807
6.904467961260481,-1.1234895408173866,-0.9724563164374608,0.06359095540123616
-0.046656611326330366,13.460562526308006,-60.7004977630025,-0.31851714782693297
1.9173879639169251,-1.3232624824320312,0.980192337820448,0.5685611042638894
-1.446931687565688,-2.978538795148748,-1.2621891695371432,-1.650204462826585
-0.5742127279818288,-1.8960292146839741,1.9122401623045797,-0.72605207922029
-3.4410304506657026,-3.2834910770745074,-1.1785849164662856,0.560368938596602
-1.2067428541713676,0.013725023681115944,-9.02111918191243,-0.5855901319414732
-0.8265170185776781,-0.948247808508597,-1.3827523918223221,-0.49981637663065603
2.9198028694132474,4.895778363545114,1.9027373291928131,-12.459478352243021
1.9684948669655955,0.30741664607736685,-1.6916662294636842,-1.794221045179719
-1.9287203353227944,-3.2079529137057627,-0.9775775503052526,-1.8402652314016694
0.8437863927612448,-1.4115398894338547,-31.062849738776592,1.0930512078440962
-0.07883067500161733,-0.42100428082076446,0.713568375318909,0.273871327493838
-1.0,-1.0,-1.0,-1.0
inf,inf,inf,inf
-0.3157414908177959,0.5915594401489441,0.5882805885252282,6.052363621133151
-2.8135404298932576,-1.3792662982483217,-8.189802417290768,-1.140907098329118
-2.0357500745968764,-1.238377924508562,-3.5724536166130108,2.1171403406967224
-1.0,-1.0,-1.0,-1.0
inf,inf,-inf,inf
-3.002601336951601,-1.882031996380861,0.12288074642206559,-0.6246377628106122
0.07882353115681995,-1.5320275907829308,-0.6564472596025632,-2.0768336574569735
-1.1726281159074632,-2.3792399220835145,-1.3031558324787504,-0.15137254718611326
1.4761971299168577,-2.297334874570737,-16.014288210694275,-4.193452143880516
-4.162211402701744,-2.7647957213607155,-1.3050339566748947,-1.6602919168032266
-1.673264406482148,-2.41223577427241,0.2047669767289526,-1.3440067011707209
-2.262528079538222,-1.2553761750145493,-1.3864184260139094,-2.517257645612949
-1.1438293437304785,-1.0768355796374378,-1.7886937169309038,-1.4613762680748548
-3.871959682490033,-53.85044931546993,-3.2197093904211873,-5.223237544760955
0.7535206669934853,-0.3006843754740156,-0.10481418724603453,-1.05533564429356
-0.14973408054978743,-0.7781248801112652,-1.2058554107503074,7.861165260335648
-1.0153864910069457,0.05948354046569482,3.225430916631577,-1.6615015971510698
77.94756641565992,-2.5964498960502658,-0.7858710912538205,-1.0011889270943939
-0.5691391861669053,-1.4201865194635668,-4.375845420577029,4641.531846842034
-3.1781871416872267,2.307106974156839,-0.07935778398409354,-1.4782913265677062
-2.765783987758022,-2.7683384934193445,-4.305898556267691,-2.3412588374363597
-0.783916722613236,-1.3639206377539097,-0.10402388084593273,-0.043364869683519824
-0.4420483016440204,0.2644544367861572,-2.0025989548130196,-0.9603299791204084
2.3746121309137127,-0.7551317901345748,-1.2703459194718265,-1.270147865458189
-4.59598031516752,13.752709640916407,-5.444851742196141,373.53699343035305
-0.9525110498317637,-0.7180749191841598,-1.30966477388854,-1.2948732684336337
-11.273894767880078,-1.82669611313564,-1.2646448858633195,-0.25774415042017707
-0.5877580731627957,-1.127425864540967,2.513609013672655,-0.9178782326191042
-1.0676672066631734,-22.609911966621222,0.538243286185748,1.5964138218903647
-30.793205367427156,-0.6687900634339532,-1.9455730965465228,2.475516214707016
0.2653127726761786,-0.583749587612441,-0.7407488520545158,-0.4906182976176916
-0.8032840727443251,-5.889265810217446,-2.72582849600167,-2.4678816294959605
-1.166261441764726,-0.08404032729476318,0.8101338849383612,-0.5050614728234017
17.871072856647228,0.08286839550109515,-1.2181435944242265,-2.225916407897735
-1.295988969851038,-0.7838302620518851,-0.5552523660288908,-5.118875239194533
-7.890635170695991,-0.07830476859294788,5.782760590995918,-0.6653783604629394
-1.7195463990615094,-5.378319529100967,-2.1968630649631224,-6.146982643576072
-0.9122637471553048,-0.16727933097276626,0.1910445756089585,-1.4477029828243952
5.0965343631957465,-0.5858907591876649,-1.9724853409747163,-2.069589573217925
-1.4470812829827313,-6.044907529222524,-0.8763292318789523,-1.4950446752791666
2.482417196329014,-0.5442089269069441,23.589624356001988,-1.3313694224326489
0.29732520171581234,-0.28451676899733436,-1.6595653642866126,-9.218502212110726
-2.0696685928687066,-1.4034771746016288,-1.5877245522906882,-2.029998128119999
-0.9574160289614192,-8.400616237744629,0.5470045350020856,-1.1245554892871
10.241227553499593,-1.0366911836490125,-1.9075299877787129,-8.499260077599939
0.4032023182389237,9.953978746530234,-1.9300587006306216,0.8447374865809281
-1.2067201791981452,-1.7950124567344101,-2.0039746121310635,-0.8392661088474705
-9.315625432136445,-4.463041647495475,-3.802348726354708,4.270068853540938
-0.3502761947734686,-1.1193710334480431,-1.026007588304378,-0.47045309193508844
-0.27504471873817105,-7.832239014981923,34.415774363631755,0.3994772586613171
-0.4248619388486028,-0.24960579163348295,-0.8406707499195964,-0.9186023874104964
-1.4370486703390777,-1.0712836712462661,2.0979466838397594,-7.4700787299509495
-2.2262005196591623,-6.511607499107416,0.4802728713906115,-2.795261785342162
-2.134596271306295,1.6512791820191115,-0.681406479656943,-1.988493176494529
-1.1702214952456664,-3.5207796502603164,-0.4615738764100241,0.4677075099661503
-6.022992314869169,-1.3068394152270586,-3.9958275560249943,-1.278201836757407
-13.123645123766362,0.2042529128999595,-0.6791660556179528,3.386194578199955
-1.448379830837018,-2.4263742888152056,-3.174575401385907,-0.18653258712106313
-0.938909835760288,-1.5259971683466165,-0.7797629692625824,-0.8378256362880955
-14.63890616741492,-0.9734456731726128,-3.5009810431348485,3.1218745347269516
-1.0,-1.0,-1.0,-1.0
inf,-inf,inf,inf
-1.3465970300573322,18.73033939554935,-1.9834380421353073,3.6685128162398737
8.781529781356992,2.562826031336862,-1.7802900359876817,-3.316366969788022
-1.1084220786112673,-0.4525315672629606,0.6017206036643488,-1.169709279715713
2.0889561414585884,-1.4449755205055501,-0.5172138703620758,2.375976132706317
-0.1297672144537233,-0.6893719700086858,1.7751770865906122,-0.2744972525108882
-0.5769467879299548,1.851106887508415,-0.2502368897799292,-1.5350977783836752
2.6628609002478174,-0.19089941529924337,0.16178535395132143,-2.3846462629033214
-0.590948012883407,-0.28120564126587033,-0.4623946372756794,0.07357020269856585
-0.564057972772332,0.6617681483984545,-0.34761126574730017,-0.7626490574801522
0.26932821665205187,-3.0609718099748258,-2.773150045990599,-2.2536043919013578
-0.36880033478040875,-0.9666513640988312,-0.7838817427794345,-0.8291864336425736
4.712483300255987,-57.6600088703732,-8.078686769255242,-28.754317853805937
-0.03235835104095608,-0.953768888719036,-0.080542003729417,-0.42646649514722246
-2.4825484952562213,-11.78598256189319,-1.2664850173106328,-1.0638183618247081
-0.8011912711225797,-0.5752327487143609,0.7161489294718382,2.69247403398811
-1.3372718333157145,-1.0262556255438062,-2.532015519136268,-8.21459747738555
-0.13054889041060658,76.3426492831121,-3.08724868238189,-0.21272025423965457
-22.835013841390765,-1.031315626916233,0.4962352673627939,-4.6270003262317125
-1.0873769540410272,7.953384543455169,-1.2402152875474397,-0.9659625500552176
6.409229431885821,-2.137725714835339,0.25090100585070085,-7.979155234232796
-2.046723925462561,-2.2942766303301942,-1.1413374688045332,-1.758140927145204
-0.21346365930589672,1.5052737430584107,-2.457366048745719,-0.13205397286405507
-1.5913607694716903,-0.9489043514022508,-21.130759426124115,-1.4366814968738866
0.9130001551369591,-37.68958235313502,-1.2722169206734737,7.980698126243176
-2.762715833423367,-1.1182947795999088,-2.5456426267049492,-1.7453001094366356
-0.9347272974240569,-7.593999785864414,-0.9787904968770726,-2.277390566125864
-6.023483446933163,0.16344191107465456,14.048697451498583,-0.8093779211049384
0.09464303273884944,-0.6739335318385595,-0.22921176409120847,2.257594548982968
-0.8011045201624319,-0.42201548886818785,-1.987408964018575,-0.9568955781773995
-12.935616130288002,-7.143797336466058,-7.921773579791269,-43.49242026429154
-2.3452298855404305,-1.7276834927718312,-1.5077193604827328,-1.640744806720697
-1.5565691642545918,-1.9853380218288148,-3.8109833874321484,-2.555397414436494
-1.2471038893320545,-1.1977730979214167,-1.0249674070272885,-0.9972595284748524
-4.5515365967392665,0.11515273352211253,-22.78542781781322,90.47351393373312
-1.1668520791343824,-2.3933263413550003,-0.5267045024809609,-3.1275686001000835
-5.71668410039865,4.129944361680086,1.195784017624498,-1.8052111299609865
-2.077022344820694,-1.023260045883181,-1.2998648433000703,-1.70902551115479
-0.37504276461267894,1.285930895017919,-2.01851098262843,1.1141216614649778
-0.6535472522196699,3.411845126141177,-3.8513675219706234,-0.4268082702510064
5.976168325261465,2.9851173673254707,0.19422955054820146,0.6377814817617233
-0.8598546391345001,-0.6562381419965588,-0.7819204584839167,-0.8894807994101536
0.9550879012307263,-0.7337041782537124,2.438334715732945,6.139225323821832
-1.4101410151657743,-0.22474507708913327,-1.0563379466605591,-1.4285892680728234
-4.137991036340981,-5.205191716333569,1.0303365384025875,-4.44212694481323
1.7474602875397385,-2.018325573747041,-2.1450852125173334,-0.713680312872421
-0.8488995651589144,1.1254657111786939,1.222267559585815,-1.9487371552077404
0.96828663149091,-0.7597214366154893,0.31286120648201,-1.3828324751892296
-1.7893499270219702,-2.007669329514097,-1.1673369042410409,1.2662164652693773
-2.6947967611292425,-2.6311217716361837,-21.45327498151405,-1.8809002801503025
-0.8780399394486957,-0.44151497088172653,-0.8071043684468414,-3.9912485390503796
18.68393632163073,-4.618947423773968,1.8601198522638889,-1.7771510036154794
-0.9347344112404113,-0.7296894526459287,-1.6489414884906575,-1.7608446718785324
14.052962806266539,-0.3334490281137923,-1.0449712284089465,0.030383383928913377
-1.3036665057259629,1.2303089006189731,-58.478968346963576,-0.09714194168750145
0.5731566283842355,3.5981129374672234,-1.1094928448571497,-2.4793976066802816
-0.04703847802884742,1.542259006212912,-4.898057301853995,-1.265340497581378
-0.3410599447772251,-0.3749768067554793,-1.4385910901556758,2.352741853612694
-1.0433986801017512,-0.23664356117403573,0.41565585897685553,0.49977148221674206
-6.445191877891933,-0.4536640992372566,-3.9503366985432766,-0.7047084072195325
-10.032063708504674,-0.3372555540261942,-1.2835355109900597,-1.424105282151849
-1.0,-1.0,-1.0,-1.0
inf,-inf,inf,inf
-1.6877325464139656,-1.6242419892772437,-1.1933755659838923,-1.7182151761045281
-1.4018272803412484,-0.14501865927750168,-3.5748912971978295,-0.8956008101129379
-5.895143938868052,-4.3550831434064445,-5.062503950875207,44.345567991502676
-1.021127976565055,-1.0609078591607346,-0.6771852898316002,-0.9573037583232681
15.585279552583145,-6.058428539854105,-1.2520562297900857,-9.415352860578428
0.7368672040853845,-3.3057173924070153,3.746723790110324,0.5273768837280812
-1.7760996198465442,-1.7133185953028174,-1.7168319388869637,-1.1028459818033136
-0.6637420894480143,-1.714432058421612,2.7656648870375453,1.1951761614585026
-0.20418695220331828,-0.7319696595670144,-1.008921744383308,4.002304455481534
-3.048905871716394,2.31576842716957,-28.157094594117165,-0.8280349361547821
-0.7897073297688262,-1.8110442703002005,0.506772432554286,-3.0637709382832155
7.898160908938868,-0.9864027820783974,-1.9394161856576986,1.7788706588383372
0.2625826737436925,-503.71208740184136,-2.3137087429012153,-0.3656425642435558
-1.2481973718351633,-0.9122416510947076,-1.1719450301500045,-1.0536492569441405
0.054856060458185585,-11.352363578140327,-1.6981573614196528,19.205431003531835
-2.5865683969520576,-1.1872092256957065,-4.4881124433393556,-1.3871190467402652
-1.5803164965867196,-1.6617926297446668,-0.9260422350567705,0.7278519848643326
1.5614013401839193,-1.5273223023018119,9.389051546245256,-1.495674260291467
-1.2677059997737006,18.554753022121943,3.3433707175867884,-4.649516400669583
2.839392542645541,-0.8376930291194389,-1.115712792246507,-0.3131795152536766
-0.36774348922011,-3.197711178705973,0.7466740847962416,0.7031087718511564
-2.548114701901646,0.6429877110790863,1.9474807380260772,-1.1197009272535832
-0.9485354355629597,-0.38296396215264916,-1.2427726197008313,-0.09607579829916968
3.2475339846651297,-0.4224480672123023,-0.8132527728209287,-5.443267970211607
4.835747793207513,-1.2742302810428692,-21.17768612952577,-1.0995846192268195
-1.1396686909054745,-0.8314519405118668,0.04550368440685193,3.7739235149072474
-8.493635975264528,-31.93711694091131,0.13766750911370407,0.9296687436526914
-1.0451812979806132,-1.313201287211063,0.9446376469309259,-0.6116117346318245
-26.1470022054489,1.5035609199276938,-1.6099686106666153,7.982872292972125
-1.1054326077995487,-2.1117723542831657,-0.7592776736394254,-0.7199928677745173
13.262998809275325,-2.5521794318509885,-1.8606888672759732,-1.5680873906702506
-1.1547755910179316,-2.12368863453231,0.30070442094889116,-2.898480235197602
-5.207053621209761,-1.9272383757513432,0.04966628878136614,-1.5610957828998493
-0.6253549353433598,0.9352268574942246,-3.276642420489526,1.597286022895287
0.23043625082001484,-1.1078617083934057,-0.37027068934627805,-0.16668291721160544
-0.9499865585025646,-9.21978630223602,-1.2739443881023036,-1.5763155204548482
22.958074911198608,-1.202293008544093,-7.37944230507106,-3.3917330344031282
-1.538172477846554,-0.3678453318912692,-1.2170985536624666,-1.0374607091679173
1.4301589707697153,2.5454997791556577,8.348993501944454,-3.063013184286086
-0.8261544448471224,-1.4013730652917322,-1.773819585670367,9.6766602343076
-4.90789012650775,-0.9875426063534115,-0.8674135353529853,-1.4572197937800546
-3.1857209221675205,-353.50266653127926,-2.351012957974674,2.03332244009566
-0.8432799416047752,-0.7012446668708122,0.41996233466372335,-0.9792322053364146
0.34379901571419746,1.7379469138786243,-1.3901227910360634,-25.956669106642163
-0.0023908007038945245,-1.2354155171369814,-4.109549492023623,-1.6478983152330469
0.13570167591883253,-5.38969996056487,-0.14660064139790818,-2.1731377003776906
0.7673922353695368,-1.7494686596466498,1.550897779592792,-3.142975442121753
-2.1008774652836477,-1.1124347761034115,-1.716932262224437,-1.265846305061126
-2.8735801172314654,6.122496340099011,-0.441362644332581,-4.117160015811776
-0.053890890871271746,-0.5977570272869748,0.4113697328463184,-1.2388608817995346
-0.3859601794519766,0.0457272627861407,-1.2166196247893348,-5.032428183220017
4.671642381101908,3.122221167704395,3.99263267163105,0.49922911452307006
-1.2241115613835754,-1.0502248019760023,-1.0237436434384488,-2.394186223496702
-0.17394607238776616,-12.171437241716376,-230.1515579455347,-1.0695748769218496
1.8296800110070341,-1.162278837701025,-1.9245631348084167,-5.561725137837823
-0.8117760006743195,12.608271956436896,-0.7437979056393238,-0.7393798093402226
-1.7814798564944272,-3.4351470380061504,-0.33859054790544385,3.3866491992969614
1.1795194920463645,-1.0321248345310947,-0.8899669675904399,-0.3467398889555141
-4.636362422190172,10.877976698822856,-25.17294944822317,2.0682363155562435
-1.3936681050383415,-4.108947169548898,-2.002013527880863,-1.0458967033048276
-0.768068161447878,-1.1670737099686093,0.18130272020899407,1.3408035601636383
0.8212515510640768,0.09921922145418449,-1.2303551193042324,7.165663630111631
-1.1277042722771524,-0.8210170342689549,-2.158954541624749,-1.1285129288856453
-1.0,-1.0,-1.0,-1.0
-inf,-inf,-inf,-inf
-0.9896809855002985,-1.6915328613255844,0.022700531376331767,-0.7581577720078768
-126.61557830109113,1.907525261728213,-4.132641324432813,-5.7577336023488
-0.6283197693179152,-0.6806565682263889,-0.9867980933580963,-1.3066843668544805
-1.6015323987178989,-3.799994699524493,15.476342438768242,0.2629369091112599
-2.6730307430043974,-1.3466322614799109,-0.23859924367460972,-2.5588393160929197
-0.6389032432522745,2.2252720683822185,-1.8168348952205429,-1.6522141575206089
-1.2347639457660162,-1.0155259103706509,-1.1948867849550557,-1.057272715365557
25.322672739370326,31.809397175527238,-5.376858285781415,-25.380352289973032
-1.834973212951511,-1.523654330882246,0.015304457589887521,-1.269591135572203
-0.8385964618297651,0.9281720211348028,-10.653093523470334,-7.980692598615718
-0.3545572799772878,-2.1427281948294663,-0.750239046688193,-1.0959579464324383
5.873970675198562,-1.379255291461587,-1.3473629460851877,-3.3133648119705836
-2.1993904125408257,-4.048544955920836,-5.325243315245931,2.317912745894794
-0.2694967514143465,-0.12582403262075337,-2.578756788204293,-1.1474125616919575
0.8064345512053124,0.15615095059494144,-1.1669283351277735,8.665724745867365
-1.2577853728606168,-0.9170910673609968,-5.543450051474875,-0.49331635809779006
-0.9983114547626984,-24.78681573026955,-0.2963366630609017,-0.47983932934174833
2123.554585866063,0.08421537752505248,-1.0955743429723315,0.44911471784426404
-1.6452135354277517,-0.9572379475451802,9.23731655949033,-1.3183114388122037
-0.7563933719493401,-4.200833034855279,-0.6841130617179036,-5.891318229299937
-0.13411135222240234,0.5202759914863344,-3.1005406152565453,-1.0074255938858903
0.1180794000448826,-2.8801019346069747,-2.602704153953473,-110.32444738396109
-4.193540378230031,1.2526374543873198,-0.8629671566697503,-0.13486990908844476
-3.225752764470301,-1.4909093825600526,-11.113058735214372,-1.107579524501224
-0.5769422804718551,-0.643016420815794,0.12948270132015494,-2.026958545790166
-4.541723107991046,-5.75120629667208,-1.6157027234665673,12.208989478268077
-0.9605483127998757,-1.5355064860333765,-0.4388880420033079,-0.9462112415818065
-1.1579269574174964,-1.3296440737482231,-1.3301625403551385,-5.974175380917922
38.14867410883778,-1.700577872556471,0.32327887718093495,-1.079188960004397
-3.2089466185818902,-0.35344657930343226,-1.4918423999998276,-7.621923905607964
-0.7041299906774439,0.11847512977388885,-4.61646368038078,-0.35714135989591733
5.622386164435496,-23.724634996065223,0.7372510726080155,-31.4859510549672
-0.6798138495493993,-0.9982008969481051,-1.4136695056887794,-0.8169963594254561
-1.1963226568950338,154.03906949727386,4.428865220445736,-0.28389239050807147
-5.452816458500187,-0.8038132051092642,-0.931419984349351,4.417871315656969
0.09849166978811175,-5.5411192110520355,5.9021346948485975,-0.8440280646925442
-1.229736568675406,-1.2333075444536539,-0.648171362583505,-0.7937930019264932
1.6790475179975655,-3.6256768020341488,-4.197189451017961,-7.74942939636382
-4.8290740731529205,-6.140232394545882,-0.6393734845530039,-4.694427739036786
-0.7543154508549023,-0.794598286706544,-2.8457270171068134,-0.8531450145086287
-2.979368066092966,-3.2962352262954084,1.53348223262646,-5.611808330793632
-2.609242746518971,-0.5525227088244052,0.4151470280842884,-1.7082550596280672
-0.7138191428332596,-0.7086936649337765,-1.5412552386555416,-1.0845942824800798
1.0211395817901097,-3.5839326575868973,-1.721563895901046,-5.546373370017701
0.6172489977085147,4.063950107838578,0.3466481235764851,-0.006713828472914574
-0.9726677448429184,-0.9786538808858961,-0.8490293692306485,1.5500881299837426
5.728378718736107,-1.1394018327064592,-4.887877790523618,0.32450990991411843
-0.42215547420546695,58.97117612992948,-0.6105408668342557,0.42586173313724296
5.4240897201853,-2.349946051902629,-1.2499872243245496,0.6522341594130294
-2.437161708892406,-3.262944806183688,-27.25814635799961,-1.2762875991717282
-0.5162734955545304,1.8090418616979242,-0.8995487892189582,0.5981938546574022
-1.2796680988465239,-0.7430170228156707,-1.116997851770849,-1.3787779285836488
-3.0355178942713956,-1.1462801822250623,10.850714969626898,-4.34547922270475
-0.7318548888445913,-26.894523806225322,-12.812123986699422,0.4336789609345979
45.144215545642346,0.5087735211104094,1.0948258028880575,0.5978977448182157
-1.0561010551943657,-1.3536512727000938,-1.2039172539749743,-1.5283395197263634
-2.16727064207586,-0.7281144977027176,-1.95661654275284,-1.3134497280894775
14.74230544528736,-12.471031532807775,3.0941990398743986,7.195948366776063
-0.8812392423540397,-0.9575733059696067,-1.0373363078060571,-1.2002719281271936
-5.987789181822599,-7.894091065704195,7.998842785003106,0.8050512572075497
-1.0,-1.0,-1.0,-1.0
inf,inf,inf,inf
0.2124665580418581,-0.5115622132303513,0.6383924955327209,-0.3395796663508993
-1.0653599879578843,-0.9125540420430139,-2.637877968362596,-0.9610475293478943
0.7567830740642763,-7.294230347405357,0.33188581024962427,-1.99012520389073
0.9803185416109856,0.37916202491288176,-0.4294633625105836,-2.4343379449300055
-0.15968491027705123,-0.526890833627257,-1.1268038573798793,-1.9195310560377856
-4.203354124792115,-3.329534354315669,10.319005328639507,-25.445147619175348
-0.7072549926925509,0.04830185685406785,-0.4813852714918031,-1.0854633909606557
-5.601747088331061,-2.2783846192010744,-3.2112748867220904,7.888783534948912
-0.4181415129121677,0.42871239528334937,-0.4563277272578323,-0.7761919590199803
-0.1665099207016898,-0.7760177880413619,-0.6187049743511938,2.640763244695471
-1.6544084588117145,-2.8269873286962968,-1.8654504979021982,-1.3946876709907683
0.9005084114882185,1.1764518148979555,0.5289352536855108,0.9645059466026225
-0.7907694039166915,-0.2238560279618238,-0.3901780024909127,0.09253683493751086
0.3749190903199706,-1.2109786816205408,-1.7108464788423485,-0.11030401182849714
0.15755633979920036,-1.0646841000898408,-2.3625013366723473,-0.07026906381808684
1.4261782928006057,42.283276972697045,0.7823388038652461,1.9277640120800639
-0.7518839794673844,-0.8203185004528462,-0.11654641863977766,-1.122689331923212
-7.685990122575483,-3.341302570232246,-2.31684687879884,2.856090634626691
-0.5628394682701692,-1.2949112835949983,0.5695760227600564,-1.2064703691522902
-0.2570861139918058,-8.950436850958553,0.11698529849457673,0.9293040472826966
-1.5791894458765623,-1.9873203348952002,-1.0296172745832906,-0.8440083423361758
-5.13309122150214,-3.792207908771342,-49.74145511207945,-15.625309171961984
-0.708495294107141,-0.41153734582780377,-0.5796731111296294,-1.4274103974633354
-2.607546447007049,-1.646669305888187,0.7400892050320578,-2.0484461582412434
-4.294028412510775,-3.455878299945062,0.7581272566509587,4.488504497248443
-0.0690830770186528,-0.09586056321570446,-0.5114946844910857,-0.5621852567037786
-1.4601636012387045,-1.8314731669781015,-3.2100407100048747,-3.606709738384811
-3.3685191209189105,-1.573253758098327,-1.6186520597799516,-1.958207600868986
-0.6727799582051701,-1.6526532104650538,-1.4836336620981536,-0.5916833311004939
-3.0312721209316313,1.3813676301679245,0.8910271540646488,-2.6779351066828334
-2.8504835155606765,-3.1173368271119437,-3.164955054216557,-2.184773263610742
-1.2263713577078816,-1.4130751444690486,-1.2038788798825402,-1.4314618102307615
1.9415597122366726,-0.4693549975553376,1.457727902037918,-0.2919987004208707
-0.2296681956094868,-0.11075926137255698,-0.9128502207634857,-0.13804447465472114
-2.3964711731830075,-4.494707272889263,-11.869479194947429,-3.8642175263608283
-1.0488251181593828,-1.210219372019593,-1.1290259510280913,-1.0525255655990953
12.993519939039205,6.168778413623716,3.560490891998903,21.30871665417567
-1.1622053284484906,-1.1055719764105498,-0.9025416991845885,-1.0647549516373196
-7.829021416713821,-2.174475911951217,-5.207455196167644,-5.259798741125638
-1.578408795036538,-3.1833048329592164,-0.40912664421742695,-2.1346419354182333
-2.5515915832404827,-1.9130302101952519,-3.876162643841174,-1.82095622923549
-0.358016935147653,0.085036004245576,0.00416650086484438,3.257516371976921
-0.16773717073615912,-0.38223843295585813,-2.029099388450117,-0.7351658329779567
-2.4913333827287145,-3.11598253468113,1.067741970343762,-1.060575492436913
-0.09239192530348928,-0.16060218539348392,0.4734504792487275,27.62219248126642
-1.354301273927937,-0.8417853950359435,-0.5644629275096343,-0.33195998410434957
-4.7823045595730616,2.536131149639918,0.9206428068713728,0.9325192658762829
-0.9810247066215813,-0.27057013426922827,-1.1931076329348431,-0.13900201723955163
-36.88465380565995,-3.1686373917001,0.8944447666512378,-2.9201727096223498
-5.5898028686369585,-0.9678450673474879,-0.7094094596725227,-1.281052837378874
-1.138735405795436,-84.14758200898446,-10.020202942436223,-0.7264471773104061
0.7729949009148458,-1.0979674385906582,-0.5846971738767446,-4.711715540700908
-1.9846884220543237,-10.89807183691098,2.1223759906253785,-0.97544407796832
-0.29525248992662656,-0.07356499119384163,-1.4566182401008572,5.286528042549459
-3.3931695128593926,-1.6514542597738902,3.7998179407937807,9.69597128387213
-0.39780050893701524,-0.5666358822740727,-0.7554278595135822,0.01813999508127151
-1.4712924222109347,-4.614102966255982,-1.1298761380618991,-1.1056660421496494
-0.5136803948520037,-1.6754442982650906,-0.009841105976794218,-3.5773245709548127
-6.271486173270911,0.4230097955522929,-8.154025113786918,0.6423353764518676
-1.4851228234407972,-0.9055812744655573,-0.7264337014744984,-2.029961062871141
-1.0,-1.0,-1.0,-1.0
-inf,-inf,-inf,-inf
-12.898755935507182,-5.432331259687472,-2.7179962781959115,-1.295082559338661
-1.2264019126865804,-0.5958147348953458,-2.1437379532542313,-2.1925354669099066
1.2282602415794144,-2.0588719287319783,1.0474872628041396,-0.5696483715120209
-1.5745233453583118,-0.5527534131265255,-0.9101501070003113,-5.688231378556059
-1.9368084402272991,-1.9770193714758648,-0.792137783523069,-1.2367024000841866
-0.6167887272187269,-1.5639317968446251,-22.121450455224764,-5.525291359527715
1.4033112392331257,2.385224702056227,-0.8261356397586068,-0.7978584732188465
-1.9935455479832984,-1.968991784457137,8.430468489738248,-1.4080132328716723
-5.992674250536941,-3.4547942074121742,-2.129295004077989,9.492797660715839
-1.4342844648684119,-1.7789427133202569,-3.128531854277966,-1.7192149410946187
-2.7309020902989394,-2.4608126466611733,-1.8725370460190263,-0.6696139272339967
-1.6471865827681378,-1.62384648619777,-1.2963228783178116,4.90577201097003
0.1489987886650228,-2.1603727940238624,1.1467959541320556,-0.2900815656128447
-0.8734936661615043,-2.597580107561976,-1.5592151306627693,-0.0025012233869461387
13.1471002871508,0.42084325914517295,-1.700102322276317,0.10832711238928372
-1.0861599446383237,-0.0726204791736802,-1.4812170902513038,-2.2877140035150294
-2.9436745568846376,-0.15116057972426244,-5.832964990055266,-1.6289344605852252
1.9334125541980631,-0.41913478451065045,0.5999003855763585,-1.0709917248863607
-0.054512277350647564,-0.9049113608287813,-0.8161234992143303,-20.340219696909124
-2.228994028757744,-2.9859170551386898,-1.7129950772059468,-1.6424342353482355
-1.806691892928601,-0.9549021799863178,-4.025653298051805,-3.4498498023567694
-1.3804234869797347,15.223945280232819,0.7646062084179825,-1.3789079322983147
-1.165486518692502,-0.5800032420740073,-1.718682787477921,-1.395842748704059
-12.144314869376986,-8.083337672378256,-2.210240657234463,-3.048523991096656
-2.2724806525346177,2.055772868983712,-0.02827292638019052,-2.3203329565987225
-2.2216972114524736,-1.9647254348208707,-1.7764191935552858,-2.520261730558583
-1.632792286446292,-1.9039770224291845,-1.9316210313967066,-0.8651067794981862
-5.2103349996922095,-2.4552857499196037,-1.6750286076493874,18.636481889815617
-1.2439861475722847,-0.779820545035492,-0.6106063125244487,-1.1765887505455752
-4.1016758202640275,4.074700262180135,3.9980445150241692,-4.960425251628024
-1.3852221196724688,-1.007173674357694,-1.2644637363417501,-1.4906840699839863
-1.1656474081909134,-39.189639179490854,-0.7748709672400216,-0.9117308607466575
-1.2169550854999966,-1.941679680497164,-12.352353495070354,6.41781482657534
4.011791956600241,-1.8394721588946825,-1.6285411967917183,-2.0109310178526103
7.765674592474296,-4.01883978403359,2.819652864793014,-2.2334095302957717
0.915310040574119,0.8174113467041064,-0.4956089784799561,0.7265493866064103
-0.313476421773762,-0.45223607613811834,-0.9339077892333277,-0.6957780018208519
-0.998878437283156,-1.3219342463550747,-0.06883739366506592,-2.6240038180052943
-716.4439222964188,4.970582416812006,-14.222491083087974,-0.04976342645088416
-1.911574405123986,-1.433073317323241,-1.4159667379523353,-2.588067875448142
-1.1625274225672828,-0.7657625528208549,0.05874671699467471,-0.9740449071797029
-0.1717511927971086,-6.329909782560744,-5.363126466370498,-8.254051042302834
-1.1520611867692911,-0.5561800287541712,-1.3970621464638981,-1.7187526003663338
-1.9098067333175952,-0.39475474189262405,-3.6314668338450575,-3.1842884393276956
34.31873008786774,2.1730314076803086,-0.6433913303269143,1.3786999655263203
-0.6139595635189256,-0.635865314150232,0.36378778111653975,-0.48704452726043035
0.3138620826910401,-0.17986256281111235,-0.612171039920904,-1.423285335596801
1.40782568282506,-1.6653168025064062,2.335617347058486,-0.41011161353639425
-0.7852983309734813,2.8385778610358523,-1.4570763983931205,19.588937471476378
-2.7698962900125905,-1.8571616111306932,0.9505161656450423,-2.0433657508382987
-5.595141384362414,-1.122432725049985,-1.9736742622752739,-0.3173467040132735
-0.4576166624872018,11.6519208340632,-0.6513702138976445,0.7051958837994601
-3.165177901250863,0.2069647122686804,-1.5899117206633693,-1.1944462209767512
-2.4658460860158815,-1.8983216655018138,-9.239250442295445,-0.9717166814080234
-1.158308531961865,-0.807944599290893,-1.2431662517080524,66.90726916078242
-0.2598781754501629,-14.883530598988203,18.943404786212312,-1.1859408409052823
2.7085827337473565,-0.586480071237113,-1.3970872529503024,-6.1851598939742995
-1.2803975236639191,-0.4033319362266311,-0.6206811018724759,-1.177121892259066
-2.080173151029359,0.7743851624623295,0.24985981325421602,1.6923509683709357
1.261737383365904,-1.7796685574006,-0.548784156539635,-0.6233761370553892
-2.222297929436266,-0.4742245237193077,0.3627466728771298,9.402055347843854
-1.0,-1.0,-1.0,-1.0
inf,inf,inf,-inf
-17.66048741197123,-2.446671527687431,-2.069266626874727,2.869464144392665
-1.9811179686663074,-1.4999730163967913,-4.716674435601185,-0.8648724232750286
-0.8712340674918239,-0.09480604321035091,-0.5394063356844228,2.558239340799921
0.1326151871657406,0.9704557889801722,-1.0320127504692682,-2.0078919209488086
5.476043822504895,-0.07017104123571094,22.898378669270677,0.10535942589235159
-0.8941780955380145,-1.4068402815462675,-0.4684552316905448,-0.2800424426619036
-5.089317959908944,0.8195720974115217,1.5211101275081695,-2.352735501705399
-2.4421662311029206,-1.8346436659455767,-1.4543740017706313,-2.223106571770744
-0.21517043867370733,-0.5280081328504265,0.8416122499869394,0.5862173927102379
-0.876659601186776,-0.3809318219222072,-1.7567181530710727,-1.289781173262607
4.537920228306682,1.2469341088327877,-1.9535718044532344,-1.3309533998619014
-3.047996107533349,-1.694144825294421,-3.5947117077166424,-7.993518918991784
-1.4192113527804284,-1.3901634199666262,-1.1927489585102553,-0.9688015819077936
-1.514028103109945,-6.531530260144961,-6.673504608645283,33.310664530240764
3.2286718532039957,-0.5433730777550494,-1.0173367127161304,1.9041835480644056
0.2535850661285839,1.3024921575541546,-10.491953174537237,-0.9137775341551115
-1.2577348780245503,-0.8029317185170983,0.03165152570500451,-1.6538799371689243
1.1102534863731228,-1.0421187226158135,-3.99186472195067,-1.584571467440271
-0.5709312517294656,-119.12695484960328,-0.19981320450043627,-5.621830094947558
0.3900427646507878,-3.328712703138699,1.0566346674172795,-0.37635563048460974
1.2833220359781783,-0.44904273962163377,-0.4879451845665268,0.5521031743136702
-0.3015119632030663,-1.5721318889630445,-1.6357272225536486,-1.374700268480905
-2.7681973927331356,0.9267135880850492,0.8256317167999401,8.474269180435888
-1.9319271387557775,-1.7234018201887058,0.1580702764312092,-1.3685936104052878
-0.7024280753841486,-0.3907092379966347,-0.8797648038986428,-0.30959792902923955
1.084959556879162,1.3207286688066096,-9.04884772947482,1.1008879454566434
-1.3894651092614059,-1.0596864295349036,-1.6589147946651108,-1.129904565414056
3.10216232607861,13.2814600015093,0.7062903475609879,1.1608148369093256
-0.6580183824165675,-0.3091780444546859,0.07246842736487524,-2.527236258783054
1.0846785935806733,-0.3030905343426713,-0.4296120456689554,0.5460499677243116
-1.699413528249484,-2.3680333866713914,-0.8312112746901131,-0.3255765766007347
-0.38018607828080386,-0.41266983611801844,0.29157497488480244,-1.525282712013091
-2.850823812727958,-0.8773353790525904,-5.186429949844955,0.9559947110483558
-1.3860237469367729,19.782090214973188,-0.7621067280373909,0.8555005468387729
0.6484158991210447,-0.720818011829138,-3.56540262821894,-1.3062859930231103
-4.964084007257875,-6.951126227077814,0.07874141665131429,-10.203478396032203
0.039547975806421665,-0.5032823705851097,-0.8319589084209462,-0.4535605411623297
-0.691919383336487,-0.8440671469600785,-21.312840131785464,-0.4629884551483273
-1.4933545223180278,-0.03304425839049063,-1.8985937508321316,-0.6139588112061203
-19.196962831252545,15.908221358217489,0.21721499571550673,16.301243357434828
-0.562170620409157,0.2571370625185103,0.7857807005869712,-1.027590636170965
-1.8360421700747538,-1.4554700572266739,-1.3423858275940965,20.054618967268546
-0.8522377618573431,-0.5576675812935963,-0.5559237608709433,-1.1525080446984441
12.34295626737064,3.7970260913589904,3.5775316203623753,-7.723907208225792
-0.534769957692926,-1.0326711821310286,-0.4452798842978598,-1.2291745443891045
-2.0833641168780823,11.25333615404645,-2.315197384572002,2.979971671104142
0.3840760680849764,-1.3711247805330318,-2.7233834345602563,-0.6569684610857011
-0.18487399236460222,-3.6284421596431033,-1.7288879606308067,-2.0392804513426306
-0.5191231809932999,-0.2323420625731919,-1.1888894714046279,-1.4296205954276358
4.041409013141505,7.034016335421807,-7.476128433295877,10.023657498445813
-1.7381934851588667,-1.2503396008706926,-1.3809442781721621,-1.8010684719239909
-1.9004179393656928,-1.9604395870980502,-4.094071432453186,-1.3803756401952108
-0.5432502974091364,-0.9301327402499396,-1.3846181363773633,0.7705581233706762
-2.9259203938079814,-10.371680288077794,-0.0446333483242396,-1.7641263430920602
-0.08513336290342377,0.1459882725336612,-1.2707692119386804,0.896023176836567
-0.004484966893076203,2.863132250918724,-10.00234922946355,-0.4769307078675358
-1.056496221691867,-1.1839963871308354,-3.859534243757411,-1.617623011933715
-4.402299510607797,-1.4329217201049655,-1.3552076897749261,-1.158682856784558
-0.19055720207745097,9.523575339366396,-0.3600536485566527,-0.1435191481372362
4.514272006867205,-0.7094464013240501,-0.18071195606579293,14.839236488238708
-1.753168456921521,-1.8884910884965107,-1.5084766960694456,-2.062249708285324
0.20906507941941177,0.4123269331966508,-1.6857646064335041,-0.3461676370713713
0.49717865092633806,0.40493227737747106,-3.5430834211619575,0.15666692874604604
-1.0,-1.0,-1.0,-1.0
-inf,-inf,-inf,inf
-4.592404770465784,-1.8196053058756645,-1.0851411736454246,2.14401319807653
-0.21916398043099505,-1.0309636273290934,-3.455142304721759,-1.4552148477622615
-4.212957816580401,56.82819322077783,3.1816497102534056,4.416040026185048
0.28584598286959095,0.33796178257949117,1.0233377710378844,-0.6500758863083147
-1.5848030140070093,-1.5824810764370645,-1.4856898214837724,-2.0623772422258178
-0.8676066594505241,-1.077756642510614,-1.1244780594291812,-1.5341152192938967
8.963451722182949,1.9983377887477225,-7.314217859393432,-4.896448471288396
-0.6998637637130255,-0.6381828791719043,0.3493540287818604,-0.9013178675842706
1.867360714723708,-18.12799490076698,-0.6108693444859432,6.512654352360891
-1.042833603383701,-0.9410880698510269,-1.5251043268662534,-1.0014926210392987
2.583150714595869,-6.472812282648024,-2.214109118299583,-26.944511034387425
-2.0614458429933977,-1.119829705857938,1.0809041472644099,20.188322412989894
-11.659037914206527,-30.28846843403608,-7.081765284595834,-2.6536964918710133
-1.1728842185639634,-0.9154772858518974,-0.8224127358866177,-1.2019186960571262
-5.495033848215218,8.699180366191015,3.2246135115617323,-4.181321404013909
-0.5048455035666953,-0.6279635094725913,-0.660354936190257,-0.9101348965228411
-0.8289140726970943,-0.3318331622301838,-1.0793158595251835,-1.576301959794607
-6.414291314220173,-3.574576221635845,3.5752746078555955,12.844472066645556
-1.6825821895749993,-1.6205928730449832,-0.8297669492516431,-1.2483560680345607
0.16666398919429226,1.4273693902172022,-43.765889794378545,2.546252044622771
1.7676770767106955,-0.19849747921572314,-0.179605239605932,1.057278309837609
-0.8326892957509962,-0.5492053926400766,-0.5647125209838385,-1.1163420615785253
3.9704296846660263,3.793007288599566,1.826636291098127,-5.311209738453413
-0.0034757494741356476,-0.6072629882398068,-0.4627532472437115,0.6033378311662998
0.3626824313253729,1.513357422787498,1.0433878221091768,0.13467362922086434
-0.1570173506225676,-0.43821904490499486,0.2922385232470359,-0.30151245152834827
-3.243950250239385,-3.4892421965161993,-2.0614675454763196,-3.9685757770401318
-0.9026499083862227,-1.254695769243921,-0.7044833886540569,-0.9196578238982821
-0.7263695365410423,-1.1154691344739294,-1.439341498376231,-2.2835668389882855
5.166040115409951,5.600493039945815,0.015980881554223503,-1.9219255345613369
-0.14625638492889004,1.7092258798553357,-2.929858090994474,-1.2727519751973997
-2.3022037609208357,-1.4798223442135463,-2.0757475724843397,19.632489390494335
-4.807613931412996,-4.651334313968771,-4.958655018261281,-2.913749647588415
-0.6970878250879005,-0.46453428510503725,-0.57953038746698,-0.7198498019495958
0.18873464730971445,-0.4438392078638491,-0.8905991898605137,-0.6594971659750871
-0.1979784365384475,-1.0993430989481803,-1.3461567031646213,2.3816913887780875
-0.6675093673561323,-0.5149279871720197,-14.89042873719348,-0.8401574568606492
2.899885177940862,-11.90834554065973,-0.7237301540374566,-1.6803462983619242
-1.178629045994247,-2.2197355330426083,2.8024233417357944,-0.41753637898294893
-4.200267422943407,-1.5524424714841314,0.6516231243263582,-18.205930558597192
-0.30806402190198445,-0.7735374879124886,-0.5607388951283993,-0.7981017672951647
-0.1714498357260349,9.984925110605676,0.07989202351338531,0.19665220719357035
0.2557866982893455,-0.24633685737004263,0.5197987956674139,1.682019805182236
-4.120580147713888,-3.2128229610370065,-1.9449889634521573,-2.5840273276609285
-0.9637905084437368,-1.005296049350492,-0.9726776796069102,-1.0857174760459163
-12.409760520095103,113.06160931644949,14.634700653171201,5.417346464037901
1.1722094290986558,0.5003418696883304,-2.994564305536689,0.7402529221169789
-1.0552752249800754,-1.3598639818596594,-0.7261236628688029,-1.2740556918394623
5.714666676252904,0.9950271488096767,-1.152628875899002,0.32364012964660893
-2.7796696642118794,-2.3668791157394615,-5.978291674005762,-4.544037615017061
2.380811415551099,-0.277839180378173,11.086627184074782,-0.46463803082975397
-0.6211461960580433,-0.20957183694567993,-1.1359143678745587,-0.8759194389755959
-1.0471345294655143,-1.057823599105408,-1.9553754790920514,5.923539550941345
-11.919984104282909,-14.236542847354213,1.844820657409961,0.34020920465749294
-1.1751851030191698,-1.3459537719030303,-2.0948535736128227,-1.3864880463415945
4.387883945378938,4.842559820745708,0.07656086855689592,2.6197972933266844
-1.5357290838169648,-1.2871548132374984,-1.277970911745503,-1.2442974693189355
-1.3490076980966828,0.29888348954612165,-0.9430698816295118,0.23222738469649684
-1.0,-1.0,-1.0,-1.0
inf,inf,-inf,-inf
1.2931268753212732,2.8678874145024453,-3.371449280903499,-2.496011375829619
-0.4638630754028765,-0.8833367791392311,-0.723050177503429,-0.11173166100115828
0.0620486293175031,-2.8847165271234596,0.8659247032237452,-0.2763696559811434
-1.3837847421795066,1.4737486597694174,-1.3198083662070426,-2.7634043750118424
-1.7218003899677314,-2.064021090216396,80.43573756565968,-4.258731541498963
-3.2176184596854562,-1.8183459063211327,-0.9318758135250822,-0.7567662802063374
1.6892879315789835,0.6809243629040835,0.8156346930750942,-1.3018423917874598
-0.3800374360434332,1.2174663230784994,-0.18064386169357072,-5.656887606197595
-1.3064151201537533,-2.295412768791828,-2.0850777158099385,-1.7152770584478523
3.619357114949361,-0.645664826668432,-1.7330081842567044,-2.223850122625636
-1.542786449526834,-1.4595259425467182,-1.7641253953318845,-1.170787558530582
0.06408700326715477,1.1372642529059278,-1.5656263886915838,-7.922542436852393
1.724172332377785,0.6876059501448553,0.6315500590355123,-0.9034039554166231
-0.058269956208798046,-1.3518764533293472,0.6621600787918598,-26.859256668724342
-1.0446499758261798,-0.053460031154236365,-1.3358989641654775,-0.6920371245993014
43.08878368438049,0.457314394951434,0.19980189530448111,-4.23545211351259
-1.0116569182013124,-0.2984562972383441,-1.3757779389600933,-0.9381818271841191
-16.137830154534093,-1.3057224330243475,-6.039309453945034,-0.06028368310877641
-1.1011453222298986,-2.8172409151615416,-1.6543811006131697,-8.312517225113357
-12.849178160817953,1.0219764328756025,-1.8259175556758516,-1.6167239517217513
1.049976287682043,-1.066646648304924,-1.0535350380818265,-0.4114450047888093
-0.9770051962709813,-8.751731890787875,-20.22701001814409,2.8762444060049805
-31.432245212918787,-3.192812157939479,-2.319193943866402,-1.034799982301577
-4.226420007857776,-2.061271266842935,-3.5542263942727157,-34.041028947543325
-2.1691328311425337,-3.8859889079926067,-1.8860696154028747,-3.1172778805663537
-0.8114720630750267,-0.9693369755261619,-1.05801796685753,-1.3803379314844824
-2.3173343093669496,-14.43021762760955,8.459891946564092,-0.49910075541306187
-1.9103312159101007,-2.2978970111948853,-1.4654589034190906,-2.1231896469300144
-1.805346714150628,-0.04892709370963211,-2.386799779627167,-1.9872583205477203
-0.5670984537891719,-1.435197551647058,-1.2152139900738876,1.1435465462966925
5.463809247625722,2.3239872506882318,-4.111407806834974,0.031189934063532876
-0.9785288951829326,-1.5578492790910317,-2.667286330648089,-0.9126203947214521
17.432197281353485,-1.2321741687190937,-1.784098956727933,1.823155014285462
-0.6477591373698806,7.1477065032106,0.6287978689427258,-3.4715498958516506
4.48402962938065,-0.3900230957458952,0.10624989818673347,-1.7624121769318077
-0.9298311170226593,-1.0478409557927557,-0.9836850949269543,-0.8628129627619284
-12.718801293357577,13.172401295530674,-43.814363180038136,-3.9709045664246534
-2.733596544220726,-2.9031168792882056,-1.4454775063258103,-3.1096248679054925
-0.6526954083427667,-1.4731484534158348,-1.218863614906006,-1.0942154728817375
0.6624809123989726,-0.7057394814764586,-7.617165335532059,-15.737949498029554
-1.2511065846791958,-0.007346599991967961,-0.9056418711537547,-2.4342364140109214
-2.898340956279679,-1.33569308527979,-3.088322186286433,-1.0797439455395956
-2.0731076111962876,-17.661103715505902,4.306537022319601,2.8510325726744092
-1.4998428926972824,-1.18892532429805,-1.131885815506907,-0.4053449220564481
-2.7858262105709515,-7.001458460946551,-7.259520914741544,-1.5677085604433036
-3.771892629728303,-1.4752163317402078,-2.7778477145288116,-13.206260041022448
-0.6813483142982109,-0.7105501235497678,-1.6180529488438107,-1.4809450659709207
-1.1247327248191261,-2.2798011940897718,0.2883252377293746,-1.7591491799255539
-29.607052601750986,-8.097525235624136,-3.3975356980685665,1.1523015946863886
-0.8460815348049981,-0.7032022435068326,-0.4940711585078663,-0.49939354917619283
-2.0320213029558154,-1.8132819730930136,-1.0414758067271936,-1.7087407843659324
3.5167825766914858,-0.39352404393582385,29.61234091700434,1.1159162587936224
